id;start_date;end_date;language
1;2020-02-25T05:54:00;2020-02-25T03:44:15;TELUGU
2;2020-02-24T10:44:11;2020-02-25T05:48:36;TELUGU
3;2020-02-25T01:39:30;2020-02-24T12:13:39;ENGLISH
4;2020-02-24T16:57:01;2020-02-25T04:28:27;ENGLISH
5;2020-02-25T02:27:19;2020-02-25T07:14:18;FRENCH
6;2020-02-24T20:19:40;2020-02-25T08:27:54;ENGLISH
7;2020-02-24T22:05:00;2020-02-24T15:55:51;ENGLISH
8;2020-02-24T21:01:13;2020-02-25T07:17:21;HINDHI
9;2020-02-24T19:42:22;2020-02-24T16:23:45;TELUGU
10;2020-02-25T03:54:26;2020-02-24T14:28:56;TELUGU
